genoma;gc
gen1;0.6561466628826449
gen2;0.656159551774607
gen3;0.6564597769917333
gen4;0.6561229973673848
gen5;0.6559254003393471
gen6;0.6560335147235877
gen7;0.6559879792537352
gen8;0.6560474031197616
gen9;0.6561261345172674
gen10;0.6560099689445938
